lcr name:,KeySight E4980A
Name and description of Device under test: ,Sullivan A10 Coaxial GMH3I_2043
GPIB source:,<bound method MessageBasedResource.read of <'GPIBInstrument'('GPIB0::17::INSTR')>>
2025-06-18,16:02:06
select the freq range 90% - 110%,"[1432.4, 1512.4, 1591.5, 1670.8, 1749.6]"
1432.4,0.009807121304,22.2253906
1432.4,0.009807137166,22.22548889
1432.4,0.009807135242,22.22542745
1432.4,0.009807134954,22.22544096
1432.4,0.00980710544,22.22551505
1432.4,0.009807111966,22.22537156
1432.4,0.009807115898,22.2254463
1432.4,0.009807123149,22.22543669
1432.4,0.009807134553,22.22552769
1432.4,0.009807135856,22.22547835
1432.4,0.009807130556,22.22534518
1432.4,0.009807123714,22.22545247
1432.4,0.009807135445,22.22542669
1432.4,0.009807129452,22.22542017
1432.4,0.009807110859,22.225464
1432.4,0.009807140598,22.22553786
Freq,1432.4,Rs,22.225448119375,5.37469173647339e-05,Ls,0.0098071266345,1.0879576768684338e-08
":SOUR:DCS:STAT OFF;:BIAS:STAT OFF;:COMP:BIN:COUN:CLE;:LIST:CLE:ALL;:COMP:BIN:CLE;:AMPL:ALC OFF;:APER LONG,20;:BIAS:POL:AUTO OFF;:BIAS:RANG:AUTO ON;:BIAS:VOLT:LEV 0;:COMP:ABIN OFF;:COMP:BIN:COUN:STAT OFF;:COMP:MODE PTOL;:COMP:SLIM -9.9e+037,9.9e+037;:COMP:STAT OFF;:COMP:SWAP OFF;:COMP:TOL:NOM 0;:DISP:ENAB ON;:DISP:LINE """";:DISP:WIND:TEXT1:DATA:FMSD:DATA 1e-009;:DISP:WIND:TEXT2:DATA:FMSD:DATA 1e-009;:FORM:ASC:LONG ON;:FORM:BORD NORM;:FORM:DATA ASC,64;:FREQ:CW 1432;:FUNC:DEV1:MODE OFF;:FUNC:DEV1:REF:VAL 0;:FUNC:DEV2:MODE OFF;:FUNC:DEV2:REF:VAL 0;:FUNC:IMP:TYPE LSRS;:FUNC:SMON:IDC:STAT OFF;:FUNC:SMON:VDC:STAT OFF;:INIT:CONT OFF;:LIST:MODE SEQ;:LIST:STIM:TYPE FREQ,NONE;:SOUR:DCS:VOLT:LEV 0;:TRIG:DEL 0;:TRIG:SOUR INT;:TRIG:TDEL 0;:VOLT:LEV 0.1;:DISP:WIND:TEXT1:DATA:FMSD:STAT OFF;:DISP:WIND:TEXT2:DATA:FMSD:STAT OFF;:FUNC:DCR:RANG:VAL 100;:FUNC:IMP:RANG:VAL 100;:OUTP:DC:ISOL:LEV:VAL 0.02;:OUTP:DC:ISOL:STAT OFF;:FUNC:DCR:RANG:AUTO ON;:FUNC:IMP:RANG:AUTO ON;:OUTP:DC:ISOL:LEV:AUTO ON;:DISP:PAGE MEASurement;
"
1512.4,0.009806017719,22.23561838
1512.4,0.00980603019,22.23555168
1512.4,0.00980601591,22.23560133
1512.4,0.009806013031,22.23565166
1512.4,0.009806026411,22.23582394
1512.4,0.009806018086,22.23553823
1512.4,0.009806029416,22.23576886
1512.4,0.009806033479,22.23570969
1512.4,0.009806035521,22.23577166
1512.4,0.009806031396,22.23580784
1512.4,0.009806025567,22.23598204
1512.4,0.009806012319,22.23574033
1512.4,0.009806015526,22.2358977
1512.4,0.009806015859,22.23565383
1512.4,0.009806034525,22.23592539
1512.4,0.00980602726,22.23576405
Freq,1512.4,Rs,22.235737913125,0.0001311890869299895,Ls,0.0098060238884375,8.202158601712182e-09
":SOUR:DCS:STAT OFF;:BIAS:STAT OFF;:COMP:BIN:COUN:CLE;:LIST:CLE:ALL;:COMP:BIN:CLE;:AMPL:ALC OFF;:APER LONG,20;:BIAS:POL:AUTO OFF;:BIAS:RANG:AUTO ON;:BIAS:VOLT:LEV 0;:COMP:ABIN OFF;:COMP:BIN:COUN:STAT OFF;:COMP:MODE PTOL;:COMP:SLIM -9.9e+037,9.9e+037;:COMP:STAT OFF;:COMP:SWAP OFF;:COMP:TOL:NOM 0;:DISP:ENAB ON;:DISP:LINE """";:DISP:WIND:TEXT1:DATA:FMSD:DATA 1e-009;:DISP:WIND:TEXT2:DATA:FMSD:DATA 1e-009;:FORM:ASC:LONG ON;:FORM:BORD NORM;:FORM:DATA ASC,64;:FREQ:CW 1512;:FUNC:DEV1:MODE OFF;:FUNC:DEV1:REF:VAL 0;:FUNC:DEV2:MODE OFF;:FUNC:DEV2:REF:VAL 0;:FUNC:IMP:TYPE LSRS;:FUNC:SMON:IDC:STAT OFF;:FUNC:SMON:VDC:STAT OFF;:INIT:CONT OFF;:LIST:MODE SEQ;:LIST:STIM:TYPE FREQ,NONE;:SOUR:DCS:VOLT:LEV 0;:TRIG:DEL 0;:TRIG:SOUR INT;:TRIG:TDEL 0;:VOLT:LEV 0.1;:DISP:WIND:TEXT1:DATA:FMSD:STAT OFF;:DISP:WIND:TEXT2:DATA:FMSD:STAT OFF;:FUNC:DCR:RANG:VAL 100;:FUNC:IMP:RANG:VAL 100;:OUTP:DC:ISOL:LEV:VAL 0.02;:OUTP:DC:ISOL:STAT OFF;:FUNC:DCR:RANG:AUTO ON;:FUNC:IMP:RANG:AUTO ON;:OUTP:DC:ISOL:LEV:AUTO ON;:DISP:PAGE MEASurement;
"
1591.5,0.009804932459,22.24568012
1591.5,0.009804912753,22.2456571
1591.5,0.009804937342,22.24563153
1591.5,0.009804946473,22.24538312
1591.5,0.009804930116,22.24568775
1591.5,0.009804915728,22.24570787
1591.5,0.009804928798,22.24566768
1591.5,0.009804940087,22.24566477
1591.5,0.00980491495,22.2457652
1591.5,0.009804927974,22.2455779
1591.5,0.009804931105,22.24563998
1591.5,0.009804909498,22.24555103
1591.5,0.009804923557,22.24562337
1591.5,0.0098049271,22.24565931
1591.5,0.00980491971,22.24572655
1591.5,0.009804919799,22.24561559
Freq,1591.5,Rs,22.245639929375002,8.656806551064831e-05,Ls,0.0098049260905625,1.033812983077016e-08
":SOUR:DCS:STAT OFF;:BIAS:STAT OFF;:COMP:BIN:COUN:CLE;:LIST:CLE:ALL;:COMP:BIN:CLE;:AMPL:ALC OFF;:APER LONG,20;:BIAS:POL:AUTO OFF;:BIAS:RANG:AUTO ON;:BIAS:VOLT:LEV 0;:COMP:ABIN OFF;:COMP:BIN:COUN:STAT OFF;:COMP:MODE PTOL;:COMP:SLIM -9.9e+037,9.9e+037;:COMP:STAT OFF;:COMP:SWAP OFF;:COMP:TOL:NOM 0;:DISP:ENAB ON;:DISP:LINE """";:DISP:WIND:TEXT1:DATA:FMSD:DATA 1e-009;:DISP:WIND:TEXT2:DATA:FMSD:DATA 1e-009;:FORM:ASC:LONG ON;:FORM:BORD NORM;:FORM:DATA ASC,64;:FREQ:CW 1592;:FUNC:DEV1:MODE OFF;:FUNC:DEV1:REF:VAL 0;:FUNC:DEV2:MODE OFF;:FUNC:DEV2:REF:VAL 0;:FUNC:IMP:TYPE LSRS;:FUNC:SMON:IDC:STAT OFF;:FUNC:SMON:VDC:STAT OFF;:INIT:CONT OFF;:LIST:MODE SEQ;:LIST:STIM:TYPE FREQ,NONE;:SOUR:DCS:VOLT:LEV 0;:TRIG:DEL 0;:TRIG:SOUR INT;:TRIG:TDEL 0;:VOLT:LEV 0.1;:DISP:WIND:TEXT1:DATA:FMSD:STAT OFF;:DISP:WIND:TEXT2:DATA:FMSD:STAT OFF;:FUNC:DCR:RANG:VAL 100;:FUNC:IMP:RANG:VAL 100;:OUTP:DC:ISOL:LEV:VAL 0.02;:OUTP:DC:ISOL:STAT OFF;:FUNC:DCR:RANG:AUTO ON;:FUNC:IMP:RANG:AUTO ON;:OUTP:DC:ISOL:LEV:AUTO ON;:DISP:PAGE MEASurement;
"
1670.8,0.009803880724,22.25495305
1670.8,0.00980386233,22.25492133
1670.8,0.009803863726,22.25526916
1670.8,0.009803868562,22.25501833
1670.8,0.009803864957,22.25501322
1670.8,0.00980386933,22.25494826
1670.8,0.009803864217,22.25500273
1670.8,0.00980387404,22.25515895
1670.8,0.009803850402,22.25503634
1670.8,0.009803870569,22.25511718
1670.8,0.009803857601,22.255098
1670.8,0.009803873687,22.25506171
1670.8,0.009803863408,22.25527185
1670.8,0.009803870952,22.25509853
1670.8,0.009803871996,22.2552702
1670.8,0.009803857631,22.2552211
Freq,1670.8,Rs,22.25509124625,0.00011833691240836127,Ls,0.009803866508249999,7.522871016587622e-09
":SOUR:DCS:STAT OFF;:BIAS:STAT OFF;:COMP:BIN:COUN:CLE;:LIST:CLE:ALL;:COMP:BIN:CLE;:AMPL:ALC OFF;:APER LONG,20;:BIAS:POL:AUTO OFF;:BIAS:RANG:AUTO ON;:BIAS:VOLT:LEV 0;:COMP:ABIN OFF;:COMP:BIN:COUN:STAT OFF;:COMP:MODE PTOL;:COMP:SLIM -9.9e+037,9.9e+037;:COMP:STAT OFF;:COMP:SWAP OFF;:COMP:TOL:NOM 0;:DISP:ENAB ON;:DISP:LINE """";:DISP:WIND:TEXT1:DATA:FMSD:DATA 1e-009;:DISP:WIND:TEXT2:DATA:FMSD:DATA 1e-009;:FORM:ASC:LONG ON;:FORM:BORD NORM;:FORM:DATA ASC,64;:FREQ:CW 1671;:FUNC:DEV1:MODE OFF;:FUNC:DEV1:REF:VAL 0;:FUNC:DEV2:MODE OFF;:FUNC:DEV2:REF:VAL 0;:FUNC:IMP:TYPE LSRS;:FUNC:SMON:IDC:STAT OFF;:FUNC:SMON:VDC:STAT OFF;:INIT:CONT OFF;:LIST:MODE SEQ;:LIST:STIM:TYPE FREQ,NONE;:SOUR:DCS:VOLT:LEV 0;:TRIG:DEL 0;:TRIG:SOUR INT;:TRIG:TDEL 0;:VOLT:LEV 0.1;:DISP:WIND:TEXT1:DATA:FMSD:STAT OFF;:DISP:WIND:TEXT2:DATA:FMSD:STAT OFF;:FUNC:DCR:RANG:VAL 100;:FUNC:IMP:RANG:VAL 100;:OUTP:DC:ISOL:LEV:VAL 0.02;:OUTP:DC:ISOL:STAT OFF;:FUNC:DCR:RANG:AUTO ON;:FUNC:IMP:RANG:AUTO ON;:OUTP:DC:ISOL:LEV:AUTO ON;:DISP:PAGE MEASurement;
"
1749.6,0.009802824218,22.26443464
1749.6,0.009802831685,22.26457969
1749.6,0.00980282781,22.26439234
1749.6,0.009802843022,22.26432838
1749.6,0.009802893571,22.26493058
1749.6,0.009802769287,22.26567071
1749.6,0.009802845792,22.26428412
1749.6,0.009802825257,22.26436364
1749.6,0.009802836681,22.26463918
1749.6,0.009802850472,22.26459907
1749.6,0.009802849057,22.26437703
1749.6,0.009802820171,22.26460622
1749.6,0.009802815887,22.26481643
1749.6,0.009802723192,22.26458135
1749.6,0.009802856188,22.26370999
1749.6,0.009802845212,22.26501211
Freq,1749.6,Rs,22.2645828425,0.00041727114921449263,Ls,0.009802828593875,3.79702401114674e-08
":SOUR:DCS:STAT OFF;:BIAS:STAT OFF;:COMP:BIN:COUN:CLE;:LIST:CLE:ALL;:COMP:BIN:CLE;:AMPL:ALC OFF;:APER LONG,20;:BIAS:POL:AUTO OFF;:BIAS:RANG:AUTO ON;:BIAS:VOLT:LEV 0;:COMP:ABIN OFF;:COMP:BIN:COUN:STAT OFF;:COMP:MODE PTOL;:COMP:SLIM -9.9e+037,9.9e+037;:COMP:STAT OFF;:COMP:SWAP OFF;:COMP:TOL:NOM 0;:DISP:ENAB ON;:DISP:LINE """";:DISP:WIND:TEXT1:DATA:FMSD:DATA 1e-009;:DISP:WIND:TEXT2:DATA:FMSD:DATA 1e-009;:FORM:ASC:LONG ON;:FORM:BORD NORM;:FORM:DATA ASC,64;:FREQ:CW 1750;:FUNC:DEV1:MODE OFF;:FUNC:DEV1:REF:VAL 0;:FUNC:DEV2:MODE OFF;:FUNC:DEV2:REF:VAL 0;:FUNC:IMP:TYPE LSRS;:FUNC:SMON:IDC:STAT OFF;:FUNC:SMON:VDC:STAT OFF;:INIT:CONT OFF;:LIST:MODE SEQ;:LIST:STIM:TYPE FREQ,NONE;:SOUR:DCS:VOLT:LEV 0;:TRIG:DEL 0;:TRIG:SOUR INT;:TRIG:TDEL 0;:VOLT:LEV 0.1;:DISP:WIND:TEXT1:DATA:FMSD:STAT OFF;:DISP:WIND:TEXT2:DATA:FMSD:STAT OFF;:FUNC:DCR:RANG:VAL 100;:FUNC:IMP:RANG:VAL 100;:OUTP:DC:ISOL:LEV:VAL 0.02;:OUTP:DC:ISOL:STAT OFF;:FUNC:DCR:RANG:AUTO ON;:FUNC:IMP:RANG:AUTO ON;:OUTP:DC:ISOL:LEV:AUTO ON;:DISP:PAGE MEASurement;
"
":SOUR:DCS:STAT OFF;:BIAS:STAT OFF;:COMP:BIN:COUN:CLE;:LIST:CLE:ALL;:COMP:BIN:CLE;:AMPL:ALC OFF;:APER LONG,20;:BIAS:POL:AUTO OFF;:BIAS:RANG:AUTO ON;:BIAS:VOLT:LEV 0;:COMP:ABIN OFF;:COMP:BIN:COUN:STAT OFF;:COMP:MODE PTOL;:COMP:SLIM -9.9e+037,9.9e+037;:COMP:STAT OFF;:COMP:SWAP OFF;:COMP:TOL:NOM 0;:DISP:ENAB ON;:DISP:LINE """";:DISP:WIND:TEXT1:DATA:FMSD:DATA 1e-009;:DISP:WIND:TEXT2:DATA:FMSD:DATA 1e-009;:FORM:ASC:LONG ON;:FORM:BORD NORM;:FORM:DATA ASC,64;:FREQ:CW 1750;:FUNC:DEV1:MODE OFF;:FUNC:DEV1:REF:VAL 0;:FUNC:DEV2:MODE OFF;:FUNC:DEV2:REF:VAL 0;:FUNC:IMP:TYPE LSRS;:FUNC:SMON:IDC:STAT OFF;:FUNC:SMON:VDC:STAT OFF;:INIT:CONT OFF;:LIST:MODE SEQ;:LIST:STIM:TYPE FREQ,NONE;:SOUR:DCS:VOLT:LEV 0;:TRIG:DEL 0;:TRIG:SOUR INT;:TRIG:TDEL 0;:VOLT:LEV 0.1;:DISP:WIND:TEXT1:DATA:FMSD:STAT OFF;:DISP:WIND:TEXT2:DATA:FMSD:STAT OFF;:FUNC:DCR:RANG:VAL 100;:FUNC:IMP:RANG:VAL 100;:OUTP:DC:ISOL:LEV:VAL 0.02;:OUTP:DC:ISOL:STAT OFF;:FUNC:DCR:RANG:AUTO ON;:FUNC:IMP:RANG:AUTO ON;:OUTP:DC:ISOL:LEV:AUTO ON;:DISP:PAGE MEASurement;
"
2025-06-18,16:08:10
---------run finished---------
lcr name:,KeySight E4980A
Name and description of Device under test: ,Sullivan B6 Coaxial GMH3I_2066
GPIB source:,<bound method MessageBasedResource.read of <'GPIBInstrument'('GPIB0::17::INSTR')>>
2025-06-18,16:13:36
select the freq range 90% - 110%,"[1432.4, 1512.4, 1591.5, 1670.8, 1749.6]"
1432.4,0.0005935665809,3.541847497
1432.4,0.0005935680785,3.541823425
1432.4,0.0005935668063,3.541857239
1432.4,0.0005935699898,3.541809157
1432.4,0.0005935642197,3.541828583
1432.4,0.0005935697772,3.541821263
1432.4,0.0005935656124,3.541845835
1432.4,0.000593566806,3.541837527
1432.4,0.0005935665983,3.541835334
1432.4,0.0005935648858,3.541825728
1432.4,0.0005935683113,3.541845812
1432.4,0.0005935674228,3.541812056
1432.4,0.0005935663452,3.54185404
1432.4,0.0005935656921,3.541822096
1432.4,0.000593567749,3.541833514
1432.4,0.0005935676318,3.541834356
Freq,1432.4,Rs,3.5418333413750003,1.4196958814620586e-05,Ls,0.00059356703169375,1.5776384530761437e-09
":SOUR:DCS:STAT OFF;:BIAS:STAT OFF;:COMP:BIN:COUN:CLE;:LIST:CLE:ALL;:COMP:BIN:CLE;:AMPL:ALC OFF;:APER LONG,20;:BIAS:POL:AUTO OFF;:BIAS:RANG:AUTO ON;:BIAS:VOLT:LEV 0;:COMP:ABIN OFF;:COMP:BIN:COUN:STAT OFF;:COMP:MODE PTOL;:COMP:SLIM -9.9e+037,9.9e+037;:COMP:STAT OFF;:COMP:SWAP OFF;:COMP:TOL:NOM 0;:DISP:ENAB ON;:DISP:LINE """";:DISP:WIND:TEXT1:DATA:FMSD:DATA 1e-009;:DISP:WIND:TEXT2:DATA:FMSD:DATA 1e-009;:FORM:ASC:LONG ON;:FORM:BORD NORM;:FORM:DATA ASC,64;:FREQ:CW 1432;:FUNC:DEV1:MODE OFF;:FUNC:DEV1:REF:VAL 0;:FUNC:DEV2:MODE OFF;:FUNC:DEV2:REF:VAL 0;:FUNC:IMP:TYPE LSRS;:FUNC:SMON:IDC:STAT OFF;:FUNC:SMON:VDC:STAT OFF;:INIT:CONT OFF;:LIST:MODE SEQ;:LIST:STIM:TYPE FREQ,NONE;:SOUR:DCS:VOLT:LEV 0;:TRIG:DEL 0;:TRIG:SOUR INT;:TRIG:TDEL 0;:VOLT:LEV 0.1;:DISP:WIND:TEXT1:DATA:FMSD:STAT OFF;:DISP:WIND:TEXT2:DATA:FMSD:STAT OFF;:FUNC:DCR:RANG:VAL 100;:FUNC:IMP:RANG:VAL 10;:OUTP:DC:ISOL:LEV:VAL 0.02;:OUTP:DC:ISOL:STAT OFF;:FUNC:DCR:RANG:AUTO ON;:FUNC:IMP:RANG:AUTO ON;:OUTP:DC:ISOL:LEV:AUTO ON;:DISP:PAGE MEASurement;
"
1512.4,0.0005935371039,3.542284776
1512.4,0.0005935347251,3.542273947
1512.4,0.0005935361965,3.542280979
1512.4,0.0005935370646,3.542270808
1512.4,0.0005935396901,3.542258106
1512.4,0.0005935351204,3.542268669
1512.4,0.0005935338688,3.542296724
1512.4,0.0005935352878,3.542271498
1512.4,0.0005935396989,3.542299658
1512.4,0.0005935355184,3.542264379
1512.4,0.0005935372651,3.542268797
1512.4,0.0005935313393,3.542272271
1512.4,0.0005935364094,3.542301021
1512.4,0.0005935351619,3.542265797
1512.4,0.0005935349837,3.542271573
1512.4,0.0005935365167,3.542276004
Freq,1512.4,Rs,3.5422765629375,1.2811162161549701e-05,Ls,0.0005935359969125,2.0471417696759928e-09
":SOUR:DCS:STAT OFF;:BIAS:STAT OFF;:COMP:BIN:COUN:CLE;:LIST:CLE:ALL;:COMP:BIN:CLE;:AMPL:ALC OFF;:APER LONG,20;:BIAS:POL:AUTO OFF;:BIAS:RANG:AUTO ON;:BIAS:VOLT:LEV 0;:COMP:ABIN OFF;:COMP:BIN:COUN:STAT OFF;:COMP:MODE PTOL;:COMP:SLIM -9.9e+037,9.9e+037;:COMP:STAT OFF;:COMP:SWAP OFF;:COMP:TOL:NOM 0;:DISP:ENAB ON;:DISP:LINE """";:DISP:WIND:TEXT1:DATA:FMSD:DATA 1e-009;:DISP:WIND:TEXT2:DATA:FMSD:DATA 1e-009;:FORM:ASC:LONG ON;:FORM:BORD NORM;:FORM:DATA ASC,64;:FREQ:CW 1512;:FUNC:DEV1:MODE OFF;:FUNC:DEV1:REF:VAL 0;:FUNC:DEV2:MODE OFF;:FUNC:DEV2:REF:VAL 0;:FUNC:IMP:TYPE LSRS;:FUNC:SMON:IDC:STAT OFF;:FUNC:SMON:VDC:STAT OFF;:INIT:CONT OFF;:LIST:MODE SEQ;:LIST:STIM:TYPE FREQ,NONE;:SOUR:DCS:VOLT:LEV 0;:TRIG:DEL 0;:TRIG:SOUR INT;:TRIG:TDEL 0;:VOLT:LEV 0.1;:DISP:WIND:TEXT1:DATA:FMSD:STAT OFF;:DISP:WIND:TEXT2:DATA:FMSD:STAT OFF;:FUNC:DCR:RANG:VAL 100;:FUNC:IMP:RANG:VAL 10;:OUTP:DC:ISOL:LEV:VAL 0.02;:OUTP:DC:ISOL:STAT OFF;:FUNC:DCR:RANG:AUTO ON;:FUNC:IMP:RANG:AUTO ON;:OUTP:DC:ISOL:LEV:AUTO ON;:DISP:PAGE MEASurement;
"
1591.5,0.0005935064466,3.542701269
1591.5,0.0005935056432,3.542706957
1591.5,0.0005935046117,3.542722034
1591.5,0.0005935033758,3.542748062
1591.5,0.0005935024638,3.542729026
1591.5,0.0005935066934,3.542722241
1591.5,0.0005935055293,3.542678036
1591.5,0.0005935030928,3.542690978
1591.5,0.0005935058516,3.542696085
1591.5,0.0005935031238,3.54270707
1591.5,0.0005935027341,3.542726144
1591.5,0.0005935055524,3.542698093
1591.5,0.0005935071257,3.542724313
1591.5,0.0005935034669,3.542720566
1591.5,0.0005935036153,3.542739619
1591.5,0.0005935061935,3.542744803
Freq,1591.5,Rs,3.542715956,2.002741217428963e-05,Ls,0.00059350471999375,1.5738237654315999e-09
":SOUR:DCS:STAT OFF;:BIAS:STAT OFF;:COMP:BIN:COUN:CLE;:LIST:CLE:ALL;:COMP:BIN:CLE;:AMPL:ALC OFF;:APER LONG,20;:BIAS:POL:AUTO OFF;:BIAS:RANG:AUTO ON;:BIAS:VOLT:LEV 0;:COMP:ABIN OFF;:COMP:BIN:COUN:STAT OFF;:COMP:MODE PTOL;:COMP:SLIM -9.9e+037,9.9e+037;:COMP:STAT OFF;:COMP:SWAP OFF;:COMP:TOL:NOM 0;:DISP:ENAB ON;:DISP:LINE """";:DISP:WIND:TEXT1:DATA:FMSD:DATA 1e-009;:DISP:WIND:TEXT2:DATA:FMSD:DATA 1e-009;:FORM:ASC:LONG ON;:FORM:BORD NORM;:FORM:DATA ASC,64;:FREQ:CW 1592;:FUNC:DEV1:MODE OFF;:FUNC:DEV1:REF:VAL 0;:FUNC:DEV2:MODE OFF;:FUNC:DEV2:REF:VAL 0;:FUNC:IMP:TYPE LSRS;:FUNC:SMON:IDC:STAT OFF;:FUNC:SMON:VDC:STAT OFF;:INIT:CONT OFF;:LIST:MODE SEQ;:LIST:STIM:TYPE FREQ,NONE;:SOUR:DCS:VOLT:LEV 0;:TRIG:DEL 0;:TRIG:SOUR INT;:TRIG:TDEL 0;:VOLT:LEV 0.1;:DISP:WIND:TEXT1:DATA:FMSD:STAT OFF;:DISP:WIND:TEXT2:DATA:FMSD:STAT OFF;:FUNC:DCR:RANG:VAL 100;:FUNC:IMP:RANG:VAL 10;:OUTP:DC:ISOL:LEV:VAL 0.02;:OUTP:DC:ISOL:STAT OFF;:FUNC:DCR:RANG:AUTO ON;:FUNC:IMP:RANG:AUTO ON;:OUTP:DC:ISOL:LEV:AUTO ON;:DISP:PAGE MEASurement;
"
1670.8,0.0005934746111,3.543134704
1670.8,0.0005934707802,3.543116882
1670.8,0.000593472192,3.543132174
1670.8,0.0005934697624,3.54313016
1670.8,0.0005934711526,3.543142249
1670.8,0.0005934751188,3.543146316
1670.8,0.0005934718003,3.543122119
1670.8,0.0005934696585,3.543116133
1670.8,0.000593471017,3.543101501
1670.8,0.0005934707355,3.543153447
1670.8,0.0005934718394,3.543092929
1670.8,0.000593471027,3.543111083
1670.8,0.0005934725167,3.543133696
1670.8,0.0005934721831,3.543154733
1670.8,0.000593471522,3.543159954
1670.8,0.0005934722335,3.543119008
Freq,1670.8,Rs,3.543129193,1.931615863121549e-05,Ls,0.00059347175938125,1.472229574135955e-09
":SOUR:DCS:STAT OFF;:BIAS:STAT OFF;:COMP:BIN:COUN:CLE;:LIST:CLE:ALL;:COMP:BIN:CLE;:AMPL:ALC OFF;:APER LONG,20;:BIAS:POL:AUTO OFF;:BIAS:RANG:AUTO ON;:BIAS:VOLT:LEV 0;:COMP:ABIN OFF;:COMP:BIN:COUN:STAT OFF;:COMP:MODE PTOL;:COMP:SLIM -9.9e+037,9.9e+037;:COMP:STAT OFF;:COMP:SWAP OFF;:COMP:TOL:NOM 0;:DISP:ENAB ON;:DISP:LINE """";:DISP:WIND:TEXT1:DATA:FMSD:DATA 1e-009;:DISP:WIND:TEXT2:DATA:FMSD:DATA 1e-009;:FORM:ASC:LONG ON;:FORM:BORD NORM;:FORM:DATA ASC,64;:FREQ:CW 1671;:FUNC:DEV1:MODE OFF;:FUNC:DEV1:REF:VAL 0;:FUNC:DEV2:MODE OFF;:FUNC:DEV2:REF:VAL 0;:FUNC:IMP:TYPE LSRS;:FUNC:SMON:IDC:STAT OFF;:FUNC:SMON:VDC:STAT OFF;:INIT:CONT OFF;:LIST:MODE SEQ;:LIST:STIM:TYPE FREQ,NONE;:SOUR:DCS:VOLT:LEV 0;:TRIG:DEL 0;:TRIG:SOUR INT;:TRIG:TDEL 0;:VOLT:LEV 0.1;:DISP:WIND:TEXT1:DATA:FMSD:STAT OFF;:DISP:WIND:TEXT2:DATA:FMSD:STAT OFF;:FUNC:DCR:RANG:VAL 100;:FUNC:IMP:RANG:VAL 10;:OUTP:DC:ISOL:LEV:VAL 0.02;:OUTP:DC:ISOL:STAT OFF;:FUNC:DCR:RANG:AUTO ON;:FUNC:IMP:RANG:AUTO ON;:OUTP:DC:ISOL:LEV:AUTO ON;:DISP:PAGE MEASurement;
"
1749.6,0.0005934375991,3.543494273
1749.6,0.0005934368291,3.5435131
1749.6,0.0005934390754,3.543533164
1749.6,0.0005934254811,3.543677567
1749.6,0.0005934324858,3.543627398
1749.6,0.0005934379489,3.543502545
1749.6,0.0005934426299,3.543571141
1749.6,0.0005934336514,3.543491369
1749.6,0.0005934463139,3.54358583
1749.6,0.0005934337294,3.543381194
1749.6,0.000593432479,3.54362602
1749.6,0.000593442901,3.543557138
1749.6,0.0005934522419,3.543531659
1749.6,0.0005934478836,3.543623195
1749.6,0.0005934373832,3.543507286
1749.6,0.000593438754,3.543564629
Freq,1749.6,Rs,3.54354921925,7.140623174436933e-05,Ls,0.00059343858666875,6.673259661441604e-09
":SOUR:DCS:STAT OFF;:BIAS:STAT OFF;:COMP:BIN:COUN:CLE;:LIST:CLE:ALL;:COMP:BIN:CLE;:AMPL:ALC OFF;:APER LONG,20;:BIAS:POL:AUTO OFF;:BIAS:RANG:AUTO ON;:BIAS:VOLT:LEV 0;:COMP:ABIN OFF;:COMP:BIN:COUN:STAT OFF;:COMP:MODE PTOL;:COMP:SLIM -9.9e+037,9.9e+037;:COMP:STAT OFF;:COMP:SWAP OFF;:COMP:TOL:NOM 0;:DISP:ENAB ON;:DISP:LINE """";:DISP:WIND:TEXT1:DATA:FMSD:DATA 1e-009;:DISP:WIND:TEXT2:DATA:FMSD:DATA 1e-009;:FORM:ASC:LONG ON;:FORM:BORD NORM;:FORM:DATA ASC,64;:FREQ:CW 1750;:FUNC:DEV1:MODE OFF;:FUNC:DEV1:REF:VAL 0;:FUNC:DEV2:MODE OFF;:FUNC:DEV2:REF:VAL 0;:FUNC:IMP:TYPE LSRS;:FUNC:SMON:IDC:STAT OFF;:FUNC:SMON:VDC:STAT OFF;:INIT:CONT OFF;:LIST:MODE SEQ;:LIST:STIM:TYPE FREQ,NONE;:SOUR:DCS:VOLT:LEV 0;:TRIG:DEL 0;:TRIG:SOUR INT;:TRIG:TDEL 0;:VOLT:LEV 0.1;:DISP:WIND:TEXT1:DATA:FMSD:STAT OFF;:DISP:WIND:TEXT2:DATA:FMSD:STAT OFF;:FUNC:DCR:RANG:VAL 100;:FUNC:IMP:RANG:VAL 10;:OUTP:DC:ISOL:LEV:VAL 0.02;:OUTP:DC:ISOL:STAT OFF;:FUNC:DCR:RANG:AUTO ON;:FUNC:IMP:RANG:AUTO ON;:OUTP:DC:ISOL:LEV:AUTO ON;:DISP:PAGE MEASurement;
"
":SOUR:DCS:STAT OFF;:BIAS:STAT OFF;:COMP:BIN:COUN:CLE;:LIST:CLE:ALL;:COMP:BIN:CLE;:AMPL:ALC OFF;:APER LONG,20;:BIAS:POL:AUTO OFF;:BIAS:RANG:AUTO ON;:BIAS:VOLT:LEV 0;:COMP:ABIN OFF;:COMP:BIN:COUN:STAT OFF;:COMP:MODE PTOL;:COMP:SLIM -9.9e+037,9.9e+037;:COMP:STAT OFF;:COMP:SWAP OFF;:COMP:TOL:NOM 0;:DISP:ENAB ON;:DISP:LINE """";:DISP:WIND:TEXT1:DATA:FMSD:DATA 1e-009;:DISP:WIND:TEXT2:DATA:FMSD:DATA 1e-009;:FORM:ASC:LONG ON;:FORM:BORD NORM;:FORM:DATA ASC,64;:FREQ:CW 1750;:FUNC:DEV1:MODE OFF;:FUNC:DEV1:REF:VAL 0;:FUNC:DEV2:MODE OFF;:FUNC:DEV2:REF:VAL 0;:FUNC:IMP:TYPE LSRS;:FUNC:SMON:IDC:STAT OFF;:FUNC:SMON:VDC:STAT OFF;:INIT:CONT OFF;:LIST:MODE SEQ;:LIST:STIM:TYPE FREQ,NONE;:SOUR:DCS:VOLT:LEV 0;:TRIG:DEL 0;:TRIG:SOUR INT;:TRIG:TDEL 0;:VOLT:LEV 0.1;:DISP:WIND:TEXT1:DATA:FMSD:STAT OFF;:DISP:WIND:TEXT2:DATA:FMSD:STAT OFF;:FUNC:DCR:RANG:VAL 100;:FUNC:IMP:RANG:VAL 10;:OUTP:DC:ISOL:LEV:VAL 0.02;:OUTP:DC:ISOL:STAT OFF;:FUNC:DCR:RANG:AUTO ON;:FUNC:IMP:RANG:AUTO ON;:OUTP:DC:ISOL:LEV:AUTO ON;:DISP:PAGE MEASurement;
"
2025-06-18,16:19:40
---------run finished---------
